<?xml version="1.0" encoding="UTF-8" standalone="no" ?>
<geoDoc version="1.0">
    <typeData>
        <certVersion>0.0.0.0</certVersion>
        <creationDate>D:20150724094758-04&apos;00&apos;</creationDate>
        <creator>Esri ArcMap 10.2.2.3552</creator>
        <docFormat>pdf</docFormat>
        <modifiedDate>D:20150724094800-04&apos;00&apos;</modifiedDate>
        <producer>TerraGo Technologies Publisher for ArcGIS GeoPDF Export version: 6.7.3.71</producer>
        <vendor></vendor>
        <isGenuine>true</isGenuine>
    </typeData>
    <pages>
        <page number="0" size="1728,1872">
            <frames>
                <frame description="Layers" id="55B2420F-0001-1000-9E12-C8600052BB77">
                    <coordinateSystem href="#CS00" />
                    <userCoordinateSystem href="#CS00" />
                    <typeData>
                        <format>LGI</format>
                        <certVersion>2.0</certVersion>
                        <creator></creator>
                        <vendor></vendor>
                        <producer></producer>
                        <version>0.0</version>
                        <isGenuine>true</isGenuine>
                    </typeData>
                    <points>
                        <point>
                            <geographic lon="-112.1250002535043" lat="35.93750025352961" />
                            <document x="1684.813327110708" y="136.7079228936508" />
                        </point>
                        <point>
                            <geographic lon="-112.1562497463831" lat="35.96874974640849" />
                            <document x="43.18667288862169" y="1778.33457711909" />
                        </point>
                    </points>
                    <ctm>0.000019 0.000000 -0.000000 0.000019 -112.157072 35.934898</ctm>
                    <axes>
                        <geographic lon="x" lat="y" />
                        <scale x="1.0" y="1.0" />
                    </axes>
                    <neatline>
                        <points>
                            <point>
                                <document x="1692.000000000671" y="129.521250001341" />
                            </point>
                            <point>
                                <document x="35.99999999865889" y="129.521250001341" />
                            </point>
                            <point>
                                <document x="35.99999999865889" y="1785.521250002682" />
                            </point>
                            <point>
                                <document x="1692.000000000671" y="1785.521250002682" />
                            </point>
                            <point>
                                <document x="1692.000000000671" y="129.521250001341" />
                            </point>
                        </points>
                    </neatline>
                </frame>
            </frames>
        </page>
    </pages>
    <coordinateSystems>
        <coordinateSystem name="WGS 84" id="CS00">GEOGCS[&quot;WGS 84&quot;,DATUM[&quot;WGS_1984&quot;,SPHEROID[&quot;WGS 84&quot;,6378137,298.257223563,AUTHORITY[&quot;EPSG&quot;,&quot;7030&quot;]],TOWGS84[0,0,0,0,0,0,0],AUTHORITY[&quot;EPSG&quot;,&quot;6326&quot;]],PRIMEM[&quot;Greenwich&quot;,0,AUTHORITY[&quot;EPSG&quot;,&quot;8901&quot;]],UNIT[&quot;degree&quot;,0.0174532925199433,AUTHORITY[&quot;EPSG&quot;,&quot;9122&quot;]],AUTHORITY[&quot;EPSG&quot;,&quot;4326&quot;]]</coordinateSystem>
    </coordinateSystems>
    <docLayers>
        <layer name="Layers" visible="false" controlsChildVisibility="false">
            <layer name="Transmission_Structure" visible="true" controlsChildVisibility="true" />
            <layer name="FAA" visible="true" controlsChildVisibility="true" />
            <layer name="GeoNames_POI" visible="true" controlsChildVisibility="true" />
            <layer name="EvacuationRoutes" visible="true" controlsChildVisibility="true" />
            <layer name="Detailed Streets" visible="true" controlsChildVisibility="true" />
            <layer name="Landmarks" visible="true" controlsChildVisibility="true" />
            <layer name="Airports" visible="true" controlsChildVisibility="true" />
            <layer name="Railroads" visible="true" controlsChildVisibility="true" />
            <layer name="Parks" visible="false" controlsChildVisibility="true" />
            <layer name="Oil" visible="false" controlsChildVisibility="true" />
            <layer name="Water" visible="true" controlsChildVisibility="true" />
            <layer name="Wetlands" visible="false" controlsChildVisibility="true" />
            <layer name="Contours" visible="true" controlsChildVisibility="true" />
            <layer name="State Bounds" visible="true" controlsChildVisibility="true" />
            <layer name="County Bounds" visible="true" controlsChildVisibility="true" />
            <layer name="Background" visible="true" controlsChildVisibility="true" />
            <layer name="Grids" visible="true" controlsChildVisibility="true" />
        </layer>
    </docLayers>
    <attachments>
        <attachment url="Layers-8402.gpkg" id="Layers-8402.gpkg" modificationDateTime="2015-07-24T09:47:42" fileSize="125952" description="" />
    </attachments>
</geoDoc>
